start,end,section/date,section/interview,section/q3_parish,section/q4_village1,section/q4_village2,section/gps,section/_gps_latitude,section/_gps_longitude,section/_gps_altitude,section/_gps_precision,section/structure,section/pur,section/house,section/reach,section/was,meta/instanceID,_id,_uuid,_submission_time,_date_modified,_tags,_notes,_version,_duration,_submitted_by,_total_media,_media_count,_media_all_received,_xform_id
2024-07-26T09:58:11.721+03:00,2024-07-26T09:59:10.683+03:00,2024-07-26,Gloria,kyakuterekera,n/a,kiyuni,1.06224546 31.35332344 1161.7585720466 5.816,1.06224546,31.35332344,1161.7585720466,5.816,building,residential,013,yes,Yes,uuid:8ae1a280-d309-4eef-b9a2-1d51f9df0381,29594355,8ae1a280-d309-4eef-b9a2-1d51f9df0381,2024-07-27T09:02:47.774906+00:00,2024-07-27T09:02:47.858603+00:00,,,202407260605,59.0,,0,0,True,12464
2024-07-27T12:20:27.680+03:00,2024-07-27T12:21:15.950+03:00,2024-07-27,Gloria,kyakuterekera,n/a,kiyuni,1.04731075 31.36049737 1153.9331223797 5.816,1.04731075,31.36049737,1153.9331223797,5.816,building,residential,HH014,yes,Yes,uuid:0598ded6-173e-4e39-a453-6774417d4f88,29594929,0598ded6-173e-4e39-a453-6774417d4f88,2024-07-27T09:21:26.441020+00:00,2024-07-27T09:21:26.478691+00:00,,,202407260605,48.0,,0,0,True,12464
2024-07-27T12:48:28.002+03:00,2024-07-27T12:49:07.487+03:00,2024-07-27,Gloria,kyakuterekera,n/a,kiyuni,1.03154337 31.39073044 1153.9331054688 4425.435,1.03154337,31.39073044,1153.9331054688,4425.435,building,residential,HH015,yes,Yes,uuid:188ae639-2f33-49a8-bbe8-2541b4db940a,29595820,188ae639-2f33-49a8-bbe8-2541b4db940a,2024-07-27T09:49:23.367896+00:00,2024-07-27T09:49:23.437793+00:00,,,202407260605,39.0,,0,0,True,12464
2024-07-27T13:28:20.623+03:00,2024-07-27T13:39:55.226+03:00,2024-07-27,Gloria,kyakuterekera,n/a,kiyuni,1.00977867 31.34829528 1153.9331054688 11886.237,1.00977867,31.34829528,1153.9331054688,11886.237,building,residential,HH019,yes,Yes,uuid:25cc66b0-6ff7-4f65-9962-e7fbd408b3f4,29598383,25cc66b0-6ff7-4f65-9962-e7fbd408b3f4,2024-07-27T11:08:07.908909+00:00,2024-07-27T11:08:07.949853+00:00,,,202407260605,695.0,,0,0,True,12464
2024-07-27T13:15:30.015+03:00,2024-07-27T13:16:33.351+03:00,2024-07-27,Gloria,kyakuterekera,n/a,kiyuni,1.10421434 31.37369936 1153.9331054688 10244.707,1.10421434,31.37369936,1153.9331054688,10244.707,building,residential,HH017,yes,Yes ,uuid:dd3e8a37-e23f-4dd8-956c-01d4453f4b83,29598385,dd3e8a37-e23f-4dd8-956c-01d4453f4b83,2024-07-27T11:08:08.368046+00:00,2024-07-27T11:08:08.403175+00:00,,,202407260605,63.0,,0,0,True,12464
2024-07-27T13:24:11.147+03:00,2024-07-27T13:28:19.373+03:00,2024-07-27,Gloria,kyakuterekera,n/a,kiyuni,1.01041121 31.35491040 1153.9331054688 5099.450,1.01041121,31.35491040,1153.9331054688,5099.450,building,residential,HH018,yes,Yes,uuid:8cefbd20-ba21-491e-97d7-d40504b240f8,29598386,8cefbd20-ba21-491e-97d7-d40504b240f8,2024-07-27T11:08:08.608124+00:00,2024-07-27T11:08:08.707279+00:00,,,202407260605,248.0,,0,0,True,12464
2024-07-27T13:00:35.066+03:00,2024-07-27T13:02:25.158+03:00,2024-07-27,Gloria,kyakuterekera,n/a,kiyuni,1.01382840 31.35724022 1153.9331054688 5214.725,1.01382840,31.35724022,1153.9331054688,5214.725,building,residential,HH016,yes,Yes,uuid:2bd102cf-8369-448d-b560-7ba88f895d59,29598387,2bd102cf-8369-448d-b560-7ba88f895d59,2024-07-27T11:08:08.608944+00:00,2024-07-27T11:08:08.670045+00:00,,,202407260605,110.0,,0,0,True,12464
2024-07-27T14:33:19.436+03:00,2024-07-27T14:33:45.686+03:00,2024-07-27,Gloria,kyakuterekera,n/a,kiyuni,1.04949638 31.36024087 1146.8827781677 4.637,1.04949638,31.36024087,1146.8827781677,4.637,building,residential,HH021,yes,Yes,uuid:bd831124-147d-46f2-a39a-24888d3cd82d,29608207,bd831124-147d-46f2-a39a-24888d3cd82d,2024-07-27T16:12:42.272527+00:00,2024-07-27T16:12:42.308946+00:00,,,202407260605,26.0,,0,0,True,12464
2024-07-27T14:08:20.845+03:00,2024-07-27T14:10:08.165+03:00,2024-07-27,Gloria,kyakuterekera,n/a,kiyuni,1.04972361 31.36037087 1142.9136619586 5.816,1.04972361,31.36037087,1142.9136619586,5.816,building,residential,HH020,yes,This household had members of a religious cult but he was lying about being vaccinated but we were able to get more information from the neighbours and VHT,uuid:1149e37e-4e71-4e4c-af2f-c62441fc1288,29608209,1149e37e-4e71-4e4c-af2f-c62441fc1288,2024-07-27T16:12:42.358894+00:00,2024-07-27T16:12:42.424469+00:00,,,202407260605,108.0,,0,0,True,12464
2024-07-27T14:41:08.934+03:00,2024-07-27T14:41:47.523+03:00,2024-07-27,Gloria,kyakuterekera,n/a,kiyuni,1.05004309 31.35999938 1129.2843894977 5.816,1.05004309,31.35999938,1129.2843894977,5.816,building,residential,HH022,yes,Yes the child is Fully vaccinated and up to date with the vaccines.,uuid:2915736e-4caf-4ac3-9488-e5eec346c8b0,29608211,2915736e-4caf-4ac3-9488-e5eec346c8b0,2024-07-27T16:12:42.387276+00:00,2024-07-27T16:12:42.427964+00:00,,,202407260605,39.0,,0,0,True,12464
2024-07-27T15:04:49.514+03:00,2024-07-27T15:06:21.059+03:00,2024-07-27,Gloria,kyakuterekera,n/a,kiyuni,1.05004309 31.35999938 1129.2843894977 5.816,1.05004309,31.35999938,1129.2843894977,5.816,building,residential,HH023,yes,Yes- all the children in this household were produced at TBA but vaccination was carried out afterwards. ,uuid:b9409dd3-0ec8-43c1-b052-c48ed6efe1a8,29608212,b9409dd3-0ec8-43c1-b052-c48ed6efe1a8,2024-07-27T16:12:42.436889+00:00,2024-07-27T16:12:42.542846+00:00,,,202407260605,92.0,,0,0,True,12464
2024-07-26T10:26:03.086+03:00,2024-07-26T10:27:28.528+03:00,2024-07-26,Grace,kyakuterekera,n/a,kyakuterekera A,0.7809353 31.3236026 0.0 1899.999,0.7809353,31.3236026,0.0,1899.999,not_building,non_residential,002,yes,Yes,uuid:b65ae5dd-2012-4b9e-ba95-ceab8b076a79,29613147,b65ae5dd-2012-4b9e-ba95-ceab8b076a79,2024-07-28T04:03:50.515607+00:00,2024-07-28T04:03:50.614152+00:00,,,202407260605,85.0,,0,0,True,12464
2024-07-27T12:01:37.771+03:00,2024-07-28T07:03:17.899+03:00,2024-07-27,Grace,kyakuterekera,n/a,kyakuterekera A,1.0675898 31.3585077 1153.556 1.842,1.0675898,31.3585077,1153.556,1.842,building,residential,001,yes,Data was well collected ,uuid:2bef9566-0ca7-496b-bef0-00667e9743b9,29613148,2bef9566-0ca7-496b-bef0-00667e9743b9,2024-07-28T04:03:51.153083+00:00,2024-07-28T04:03:51.237364+00:00,,,202407260605,68500.0,,0,0,True,12464
2024-07-27T12:36:32.617+03:00,2024-07-27T12:37:25.237+03:00,2024-07-27,Grace,kyakuterekera,n/a,kyakuterekera A,1.0652693 31.3594592 1140.27 1.578,1.0652693,31.3594592,1140.27,1.578,building,residential,034,yes,Yes,uuid:436ad511-98fa-453e-9096-96edeb81ff9b,29613149,436ad511-98fa-453e-9096-96edeb81ff9b,2024-07-28T04:03:51.728596+00:00,2024-07-28T04:03:51.809258+00:00,,,202407260605,53.0,,0,0,True,12464
2024-07-27T13:02:47.019+03:00,2024-07-27T13:03:56.347+03:00,2024-07-27,Grace,kyakuterekera,n/a,kyakuterekera A,1.0673861 31.3604039 1138.943 2.55,1.0673861,31.3604039,1138.943,2.55,building,residential,064,yes,Yes,uuid:23139ed7-d283-4181-9833-169e948fafb1,29613150,23139ed7-d283-4181-9833-169e948fafb1,2024-07-28T04:03:52.276606+00:00,2024-07-28T04:03:52.338989+00:00,,,202407260605,69.0,,0,0,True,12464
2024-07-27T12:57:05.661+03:00,2024-07-28T07:04:56.098+03:00,2024-07-27,Grace,kyakuterekera,n/a,kyakuterekera A,1.0671123 31.3601414 1133.087 2.149,1.0671123,31.3601414,1133.087,2.149,building,residential,004,yes,Data well collected ,uuid:2acdbab5-d99b-4dd4-ab43-785f6f5b5e22,29613157,2acdbab5-d99b-4dd4-ab43-785f6f5b5e22,2024-07-28T04:09:23.329482+00:00,2024-07-28T04:09:23.383228+00:00,,,202407260605,65271.0,,0,0,True,12464
2024-07-27T13:34:29.246+03:00,2024-07-28T07:05:43.927+03:00,2024-07-27,Grace,kyakuterekera,n/a,kyakuterekera A,1.067719 31.3580029 1139.758 3.001,1.067719,31.3580029,1139.758,3.001,building,residential,071,yes,Data collected correctly ,uuid:6d41c541-cdcb-4b9d-8b12-23cb164642eb,29613158,6d41c541-cdcb-4b9d-8b12-23cb164642eb,2024-07-28T04:09:24.036259+00:00,2024-07-28T04:09:24.083171+00:00,,,202407260605,63074.0,,0,0,True,12464
2024-07-27T15:11:02.713+03:00,2024-07-28T07:06:26.668+03:00,2024-07-27,Grace,kyakuterekera,n/a,kyakuterekera B,1.0558795 31.3489725 1133.871 1.065,1.0558795,31.3489725,1133.871,1.065,building,residential,019,yes,Data well collected ,uuid:f653e56c-4237-4c41-841f-c444ff470972,29613159,f653e56c-4237-4c41-841f-c444ff470972,2024-07-28T04:09:24.528293+00:00,2024-07-28T04:09:24.597348+00:00,,,202407260605,57324.0,,0,0,True,12464
2024-07-27T15:27:58.164+03:00,2024-07-28T07:06:57.835+03:00,2024-07-27,Grace,kyakuterekera,n/a,kyakuterekera B,1.0613457 31.353231 1145.101 0.784,1.0613457,31.353231,1145.101,0.784,building,residential,005,yes,Well collected ,uuid:b163787d-18f9-4c1e-b81c-14fd2d9bf862,29613160,b163787d-18f9-4c1e-b81c-14fd2d9bf862,2024-07-28T04:09:25.042359+00:00,2024-07-28T04:09:25.095137+00:00,,,202407260605,56339.0,,0,0,True,12464
2024-07-27T15:30:33.924+03:00,2024-07-28T07:07:34.056+03:00,2024-07-27,Grace,kyakuterekera,n/a,kyakuterekera B,1.0609284 31.3529757 1134.681 2.686,1.0609284,31.3529757,1134.681,2.686,building,residential,064,yes,Data well collected ,uuid:4af39e9f-23a9-4970-9418-40152e543116,29613161,4af39e9f-23a9-4970-9418-40152e543116,2024-07-28T04:09:25.576443+00:00,2024-07-28T04:09:25.662414+00:00,,,202407260605,56221.0,,0,0,True,12464
2024-07-27T15:32:34.017+03:00,2024-07-28T07:08:10.762+03:00,2024-07-27,Grace,kyakuterekera,n/a,kyakuterekera B,1.0602878 31.3527229 1153.375 2.091,1.0602878,31.3527229,1153.375,2.091,building,residential,066,yes,Data well collected ,uuid:e6d4121d-c7dc-4fef-b684-23d076504d66,29613162,e6d4121d-c7dc-4fef-b684-23d076504d66,2024-07-28T04:09:26.102770+00:00,2024-07-28T04:09:26.152849+00:00,,,202407260605,56136.0,,0,0,True,12464
2024-07-27T15:37:26.555+03:00,2024-07-28T07:08:51.731+03:00,2024-07-27,Grace,kyakuterekera,n/a,kyakuterekera B,1.0599359 31.3519744 1147.371 0.781,1.0599359,31.3519744,1147.371,0.781,building,residential,002,yes,Data was well collected ,uuid:85d4ed84-b6cd-497d-a581-6c501cbaa9a1,29613163,85d4ed84-b6cd-497d-a581-6c501cbaa9a1,2024-07-28T04:09:27.019505+00:00,2024-07-28T04:09:27.076968+00:00,,,202407260605,55885.0,,0,0,True,12464
2024-07-28T15:36:12.522+03:00,2024-07-28T15:37:58.274+03:00,n/a,Kenneth_Patience,ijumangabo,ijumangabo A,n/a,n/a,n/a,n/a,n/a,n/a,building,residential,001,yes,yes,uuid:4756b2fa-128b-4835-b486-ebc5b7f09878,29618000,4756b2fa-128b-4835-b486-ebc5b7f09878,2024-07-28T12:38:14.174247+00:00,2024-07-28T12:38:14.223627+00:00,,,202407260605,106.0,,0,0,True,12464
2024-07-28T15:42:13.608+03:00,2024-07-28T15:43:36.883+03:00,2024-07-28,Kenneth_Patience,ijumangabo,ijumangabo A,n/a,1.0390714 31.3254357 1142.6123046875 4.827,1.0390714,31.3254357,1142.6123046875,4.827,building,residential,not reached,no,not reached ,uuid:a45868af-8b1c-452e-9728-1c58a4f537ce,29618104,a45868af-8b1c-452e-9728-1c58a4f537ce,2024-07-28T12:43:55.752624+00:00,2024-07-28T12:43:55.837404+00:00,,,202407260605,83.0,,0,0,True,12464
2024-07-28T15:45:19.290+03:00,2024-07-28T15:46:19.164+03:00,2024-07-28,Kenneth_Patience,ijumangabo,ijumangabo A,n/a,1.0389149 31.32554 1141.0765094892795 4.75,1.0389149,31.32554,1141.0765094892795,4.75,building,residential,HH003,yes,yes,uuid:96f440ea-d9d1-4e0e-99ea-b592b55c51b0,29618135,96f440ea-d9d1-4e0e-99ea-b592b55c51b0,2024-07-28T12:46:38.964786+00:00,2024-07-28T12:46:39.056838+00:00,,,202407260605,60.0,,0,0,True,12464
2024-07-28T15:47:45.608+03:00,2024-07-28T15:48:36.076+03:00,2024-07-28,Kenneth_Patience,ijumangabo,ijumangabo A,n/a,1.0390123 31.3259959 1140.3647012719225 3.918,1.0390123,31.3259959,1140.3647012719225,3.918,building,residential,HH004,yes,yes,uuid:34cdf72f-26c1-47a5-825a-315edba180aa,29618149,34cdf72f-26c1-47a5-825a-315edba180aa,2024-07-28T12:48:44.119835+00:00,2024-07-28T12:48:44.162497+00:00,,,202407260605,51.0,,0,0,True,12464
2024-07-28T15:50:01.007+03:00,2024-07-28T15:50:57.792+03:00,2024-07-28,Kenneth_Patience,ijumangabo,ijumangabo A,n/a,1.0392034 31.3263378 1140.4378149430931 4.982,1.0392034,31.3263378,1140.4378149430931,4.982,building,residential,HH005,yes,yes,uuid:b4bc9c78-4b2b-407a-b0cb-fc7782672904,29618199,b4bc9c78-4b2b-407a-b0cb-fc7782672904,2024-07-28T12:51:06.015767+00:00,2024-07-28T12:51:06.076519+00:00,,,202407260605,56.0,,0,0,True,12464
2024-07-28T15:51:58.952+03:00,2024-07-28T15:52:43.293+03:00,2024-07-28,Kenneth_Patience,ijumangabo,ijumangabo A,n/a,1.039138 31.3263652 1145.4256749662975 3.97,1.039138,31.3263652,1145.4256749662975,3.97,building,residential,HH006,yes,yes,uuid:33f36fe7-752f-4dea-8a45-54f1e8824664,29618220,33f36fe7-752f-4dea-8a45-54f1e8824664,2024-07-28T12:52:50.682415+00:00,2024-07-28T12:52:50.741060+00:00,,,202407260605,45.0,,0,0,True,12464
2024-07-28T15:53:20.993+03:00,2024-07-28T15:54:03.664+03:00,2024-07-28,Kenneth_Patience,ijumangabo,ijumangabo A,n/a,1.0390009 31.3263616 1144.3221039446246 4.051,1.0390009,31.3263616,1144.3221039446246,4.051,building,residential,HH007,yes,yes,uuid:42a1e965-806b-4069-9c99-bca937e3e3ba,29618229,42a1e965-806b-4069-9c99-bca937e3e3ba,2024-07-28T12:54:10.532045+00:00,2024-07-28T12:54:10.601117+00:00,,,202407260605,43.0,,0,0,True,12464
2024-07-28T15:56:34.503+03:00,2024-07-28T16:04:14.238+03:00,2024-07-28,Kenneth_Patience,ijumangabo,ijumangabo A,n/a,1.0390759 31.3266595 1144.1895868198012 4.947,1.0390759,31.3266595,1144.1895868198012,4.947,building,residential,HH008,yes,yes,uuid:a6b83199-ac51-4255-af9d-1ad1f7c4d0ce,29618380,a6b83199-ac51-4255-af9d-1ad1f7c4d0ce,2024-07-28T13:04:24.650028+00:00,2024-07-28T13:04:24.695868+00:00,,,202407260605,460.0,,0,0,True,12464
2024-07-28T16:06:12.041+03:00,2024-07-28T16:06:53.435+03:00,2024-07-28,Kenneth_Patience,ijumangabo,ijumangabo A,n/a,1.0395472 31.327529 1142.5496006584085 4.401,1.0395472,31.327529,1142.5496006584085,4.401,building,residential,HH009,yes,yes,uuid:4c794005-e217-4aef-ad9f-215271d88160,29618407,4c794005-e217-4aef-ad9f-215271d88160,2024-07-28T13:06:59.875508+00:00,2024-07-28T13:06:59.912254+00:00,,,202407260605,41.0,,0,0,True,12464
2024-07-28T16:07:43.788+03:00,2024-07-28T16:08:36.104+03:00,2024-07-28,Kenneth_Patience,ijumangabo,ijumangabo A,n/a,1.0397264 31.3277182 1143.3716157705544 4.651,1.0397264,31.3277182,1143.3716157705544,4.651,building,residential,HH010,yes,yes,uuid:41d11818-e0c8-4d2e-b76f-869eed17ebb6,29618439,41d11818-e0c8-4d2e-b76f-869eed17ebb6,2024-07-28T13:08:44.949205+00:00,2024-07-28T13:08:44.988014+00:00,,,202407260605,53.0,,0,0,True,12464
2024-07-28T16:09:38.403+03:00,2024-07-28T16:10:22.620+03:00,2024-07-28,Kenneth_Patience,ijumangabo,ijumangabo A,n/a,1.0398399 31.3281032 1142.540518161882 4.751,1.0398399,31.3281032,1142.540518161882,4.751,building,residential,HH011,yes,yes,uuid:4f54ea06-05b4-49a0-ad7c-ba2143b824ad,29618469,4f54ea06-05b4-49a0-ad7c-ba2143b824ad,2024-07-28T13:10:29.024769+00:00,2024-07-28T13:10:29.084291+00:00,,,202407260605,44.0,,0,0,True,12464
2024-07-28T16:12:23.133+03:00,2024-07-28T16:13:03.935+03:00,2024-07-28,Kenneth_Patience,ijumangabo,ijumangabo A,n/a,1.039427 31.328424 1139.1026931627298 4.49,1.039427,31.328424,1139.1026931627298,4.49,building,residential,HH012,yes,yes,uuid:c380b384-a5a8-4d75-a4e5-bd1662aa8cb9,29618506,c380b384-a5a8-4d75-a4e5-bd1662aa8cb9,2024-07-28T13:13:10.008374+00:00,2024-07-28T13:13:10.082867+00:00,,,202407260605,40.0,,0,0,True,12464
2024-07-28T16:13:50.779+03:00,2024-07-28T16:14:21.892+03:00,2024-07-28,Kenneth_Patience,ijumangabo,ijumangabo A,n/a,1.0393467 31.3286 1139.6311932000192 4.837,1.0393467,31.3286,1139.6311932000192,4.837,building,residential,yes,yes,yes,uuid:c893cf9d-5c0a-4745-b5b8-609068215e26,29618527,c893cf9d-5c0a-4745-b5b8-609068215e26,2024-07-28T13:14:28.132651+00:00,2024-07-28T13:14:28.180759+00:00,,,202407260605,31.0,,0,0,True,12464
2024-07-28T16:16:52.113+03:00,2024-07-28T16:17:46.169+03:00,2024-07-28,Kenneth_Patience,ijumangabo,ijumangabo A,n/a,1.0394361 31.3294365 1141.0 3.624,1.0394361,31.3294365,1141.0,3.624,building,residential,HH013,yes,yes,uuid:ba15ed1f-e862-4723-9496-64ee16d55cd1,29618589,ba15ed1f-e862-4723-9496-64ee16d55cd1,2024-07-28T13:17:58.047202+00:00,2024-07-28T13:17:58.082542+00:00,,,202407260605,54.0,,0,0,True,12464
2024-07-28T16:19:14.683+03:00,2024-07-28T16:20:01.530+03:00,2024-07-28,Kenneth_Patience,ijumangabo,ijumangabo A,n/a,1.0392268 31.329851 1142.7125842525431 4.82,1.0392268,31.329851,1142.7125842525431,4.82,building,residential,HH015,yes,yes,uuid:49bf096e-10cc-4328-ab03-f6aa3c6b7747,29618618,49bf096e-10cc-4328-ab03-f6aa3c6b7747,2024-07-28T13:20:09.058008+00:00,2024-07-28T13:20:09.141569+00:00,,,202407260605,47.0,,0,0,True,12464
2024-07-28T16:20:15.637+03:00,2024-07-28T16:21:00.494+03:00,2024-07-28,Kenneth_Patience,ijumangabo,ijumangabo A,n/a,1.0390043 31.3298704 1142.440947470149 4.209,1.0390043,31.3298704,1142.440947470149,4.209,building,residential,HHO16,yes,yes,uuid:bccd8505-c504-450e-a7db-92a3fa025232,29618646,bccd8505-c504-450e-a7db-92a3fa025232,2024-07-28T13:21:06.851674+00:00,2024-07-28T13:21:06.924470+00:00,,,202407260605,45.0,,0,0,True,12464
2024-07-28T16:21:16.137+03:00,2024-07-28T16:22:15.768+03:00,2024-07-28,Kenneth_Patience,ijumangabo,ijumangabo A,n/a,1.0387448 31.3298813 1141.953694889436 4.774,1.0387448,31.3298813,1141.953694889436,4.774,building,residential,HH017,yes,yes,uuid:41034546-b26f-4eca-85ee-932259300f71,29618653,41034546-b26f-4eca-85ee-932259300f71,2024-07-28T13:22:21.890060+00:00,2024-07-28T13:22:21.928998+00:00,,,202407260605,59.0,,0,0,True,12464
2024-07-28T16:25:48.966+03:00,2024-07-28T16:26:51.289+03:00,2024-07-28,Kenneth_Patience,ijumangabo,ijumangabo A,n/a,1.0391418 31.3307468 1144.8848240685081 4.458,1.0391418,31.3307468,1144.8848240685081,4.458,building,residential,HH018,yes,yes,uuid:baddda78-a6dd-4f4f-be90-e7aa1c05fba4,29618716,baddda78-a6dd-4f4f-be90-e7aa1c05fba4,2024-07-28T13:26:57.867495+00:00,2024-07-28T13:26:57.930242+00:00,,,202407260605,63.0,,0,0,True,12464
2024-07-28T16:27:15.003+03:00,2024-07-28T16:27:54.907+03:00,2024-07-28,Kenneth_Patience,ijumangabo,ijumangabo A,n/a,1.0390288 31.3308108 1144.0614933142178 4.238,1.0390288,31.3308108,1144.0614933142178,4.238,building,residential,HH019,yes,yes,uuid:5e171f88-c9f8-4881-9d03-77f83f7f4a8f,29618732,5e171f88-c9f8-4881-9d03-77f83f7f4a8f,2024-07-28T13:27:59.640664+00:00,2024-07-28T13:27:59.702108+00:00,,,202407260605,39.0,,0,0,True,12464
2024-07-28T16:28:39.354+03:00,2024-07-28T16:29:20.169+03:00,2024-07-28,Kenneth_Patience,ijumangabo,ijumangabo A,n/a,1.0392334 31.3307713 1144.1174533751753 4.867,1.0392334,31.3307713,1144.1174533751753,4.867,building,residential,HH020,yes,yes,uuid:a20384eb-b26b-48b4-ac67-e81828a2fde1,29618767,a20384eb-b26b-48b4-ac67-e81828a2fde1,2024-07-28T13:29:26.074826+00:00,2024-07-28T13:29:26.110487+00:00,,,202407260605,41.0,,0,0,True,12464
2024-07-28T17:25:06.201+03:00,2024-07-28T17:25:49.197+03:00,2024-07-28,Kenneth_Patience,ijumangabo,kisenyi,n/a,1.0202568 31.3224359 1126.9348471800827 4.987,1.0202568,31.3224359,1126.9348471800827,4.987,building,residential,HH040,yes,yes,uuid:4fd57425-7549-486f-9a3a-b947fd2d1029,29619682,4fd57425-7549-486f-9a3a-b947fd2d1029,2024-07-28T14:25:55.689331+00:00,2024-07-28T14:25:55.739045+00:00,,,202407260605,43.0,,0,0,True,12464
2024-07-28T17:26:47.897+03:00,2024-07-28T17:27:49.246+03:00,2024-07-28,Kenneth_Patience,ijumangabo,kisenyi,n/a,1.0197964 31.3227022 1128.202392578125 4.874,1.0197964,31.3227022,1128.202392578125,4.874,building,residential,HH045,yes,yes,uuid:a432ce6b-cc6d-48f3-b2fc-2f9619da496b,29619713,a432ce6b-cc6d-48f3-b2fc-2f9619da496b,2024-07-28T14:27:56.020694+00:00,2024-07-28T14:27:56.057102+00:00,,,202407260605,62.0,,0,0,True,12464
2024-07-28T17:28:35.935+03:00,2024-07-28T17:29:42.022+03:00,2024-07-28,Kenneth_Patience,ijumangabo,kisenyi,n/a,1.0195338 31.3228116 1127.6607133546283 4.81,1.0195338,31.3228116,1127.6607133546283,4.81,building,residential,HH049,yes,yes,uuid:7f071e96-128e-4a0e-bde1-e7957be052b0,29619758,7f071e96-128e-4a0e-bde1-e7957be052b0,2024-07-28T14:29:48.895524+00:00,2024-07-28T14:29:48.965527+00:00,,,202407260605,67.0,,0,0,True,12464
2024-07-28T17:30:49.559+03:00,2024-07-28T17:31:55.862+03:00,2024-07-28,Kenneth_Patience,ijumangabo,kisenyi,n/a,1.0191693 31.3230049 1126.5817598841215 4.768,1.0191693,31.3230049,1126.5817598841215,4.768,building,residential,HH044,yes,yes,uuid:095e1eea-7e28-460b-88e4-87f2abccbebc,29619784,095e1eea-7e28-460b-88e4-87f2abccbebc,2024-07-28T14:32:02.376430+00:00,2024-07-28T14:32:02.456821+00:00,,,202407260605,66.0,,0,0,True,12464
2024-07-28T17:32:53.509+03:00,2024-07-28T17:34:07.536+03:00,2024-07-28,Kenneth_Patience,ijumangabo,kisenyi,n/a,1.0188177 31.3232244 1128.5020381635188 4.571,1.0188177,31.3232244,1128.5020381635188,4.571,building,residential,HH050,yes,yes,uuid:66af819a-c89a-4d20-8229-62fd6227501c,29619806,66af819a-c89a-4d20-8229-62fd6227501c,2024-07-28T14:34:17.433444+00:00,2024-07-28T14:34:17.479156+00:00,,,202407260605,74.0,,0,0,True,12464
2024-07-28T16:55:22.891+03:00,2024-07-28T16:57:47.992+03:00,2024-07-28,Kenneth_Patience,ijumangabo,buhumuriro,n/a,1.0289611 31.3125739 1152.1 4.866,1.0289611,31.3125739,1152.1,4.866,building,residential,114,yes,Yes,uuid:8fc7bbe1-7cb8-4e1e-99ba-c3be6bf68ed0,29619891,8fc7bbe1-7cb8-4e1e-99ba-c3be6bf68ed0,2024-07-28T14:38:31.553711+00:00,2024-07-28T14:38:31.632507+00:00,,,202407260605,145.0,,0,0,True,12464
2024-07-28T17:00:11.191+03:00,2024-07-28T17:01:18.249+03:00,2024-07-28,Kenneth_Patience,ijumangabo,buhumuriro,n/a,1.0289838 31.3128088 1152.8999999999999 4.033,1.0289838,31.3128088,1152.8999999999999,4.033,building,residential,093,yes,Yes,uuid:37a71feb-010b-4068-a083-4767e88e12a6,29619893,37a71feb-010b-4068-a083-4767e88e12a6,2024-07-28T14:38:32.653853+00:00,2024-07-28T14:38:32.694511+00:00,,,202407260605,67.0,,0,0,True,12464
2024-07-28T17:01:25.805+03:00,2024-07-28T17:02:32.488+03:00,2024-07-28,Kenneth_Patience,ijumangabo,buhumuriro,n/a,n/a,n/a,n/a,n/a,n/a,building,residential,075,yes,YES,uuid:26f990f8-58a3-4f13-a34c-93252106244b,29619894,26f990f8-58a3-4f13-a34c-93252106244b,2024-07-28T14:38:33.492070+00:00,2024-07-28T14:38:33.571260+00:00,,,202407260605,67.0,,0,0,True,12464
2024-07-28T17:02:52.772+03:00,2024-07-28T17:03:51.942+03:00,2024-07-28,Kenneth_Patience,ijumangabo,buhumuriro,n/a,1.02873 31.3131283 1152.8999999999999 4.9,1.02873,31.3131283,1152.8999999999999,4.9,building,residential,103,yes,Yes,uuid:b37d9798-ca70-4417-955a-2a5b2f176f14,29619896,b37d9798-ca70-4417-955a-2a5b2f176f14,2024-07-28T14:38:34.228884+00:00,2024-07-28T14:38:34.287555+00:00,,,202407260605,59.0,,0,0,True,12464
2024-07-28T17:04:16.771+03:00,2024-07-28T17:05:21.229+03:00,2024-07-28,Kenneth_Patience,ijumangabo,ijumangabo A,n/a,1.0286928 31.3133569 1153.8 3.8,1.0286928,31.3133569,1153.8,3.8,building,residential,107,yes,Yes,uuid:7df9abd7-6e76-4b0d-bc56-1559ff09feaf,29619897,7df9abd7-6e76-4b0d-bc56-1559ff09feaf,2024-07-28T14:38:34.934245+00:00,2024-07-28T14:38:34.971571+00:00,,,202407260605,65.0,,0,0,True,12464
2024-07-28T17:06:48.983+03:00,2024-07-28T17:07:46.844+03:00,2024-07-28,Kenneth_Patience,ijumangabo,buhumuriro,n/a,1.0284939 31.313415 1153.0 4.628,1.0284939,31.313415,1153.0,4.628,building,residential,O69,yes,Yes,uuid:fab7365c-ce72-4438-acac-0e7cdea8b068,29619898,fab7365c-ce72-4438-acac-0e7cdea8b068,2024-07-28T14:38:35.621188+00:00,2024-07-28T14:38:35.657584+00:00,,,202407260605,58.0,,0,0,True,12464
2024-07-28T17:08:04.176+03:00,2024-07-28T17:09:10.869+03:00,2024-07-28,Kenneth_Patience,ijumangabo,buhumuriro,n/a,1.0284933 31.3134167 1153.0 4.0,1.0284933,31.3134167,1153.0,4.0,building,residential,068,yes,Yes,uuid:ad508c2a-e122-4163-bdd0-1bffbcbc1614,29619899,ad508c2a-e122-4163-bdd0-1bffbcbc1614,2024-07-28T14:38:36.170345+00:00,2024-07-28T14:38:36.237198+00:00,,,202407260605,66.0,,0,0,True,12464
2024-07-28T17:09:27.586+03:00,2024-07-28T17:10:32.783+03:00,n/a,Kenneth_Patience,ijumangabo,buhumuriro,n/a,1.0283845 31.3135254 1143.8 2.4,1.0283845,31.3135254,1143.8,2.4,building,residential,066,yes,Yes,uuid:f05e324b-fbba-40de-babc-f1e524a93e4a,29619901,f05e324b-fbba-40de-babc-f1e524a93e4a,2024-07-28T14:38:36.802624+00:00,2024-07-28T14:38:36.880115+00:00,,,202407260605,65.0,,0,0,True,12464
2024-07-28T17:11:08.481+03:00,2024-07-28T17:11:57.419+03:00,n/a,Kenneth_Patience,ijumangabo,buhumuriro,n/a,1.0284152 31.3136637 1144.1 3.714,1.0284152,31.3136637,1144.1,3.714,building,residential,064,yes,Yes,uuid:c90e8515-cf6a-4fab-a38b-d4b4aa7ee738,29619902,c90e8515-cf6a-4fab-a38b-d4b4aa7ee738,2024-07-28T14:38:37.423537+00:00,2024-07-28T14:38:37.488788+00:00,,,202407260605,49.0,,0,0,True,12464
2024-07-28T17:13:04.819+03:00,2024-07-28T17:14:16.622+03:00,2024-07-28,Kenneth_Patience,ijumangabo,buhumuriro,n/a,1.0283106 31.3138299 1145.3 4.1,1.0283106,31.3138299,1145.3,4.1,building,residential,062,yes,Yes,uuid:324d25c4-8f4e-4521-9db9-a8a967f18e9d,29619904,324d25c4-8f4e-4521-9db9-a8a967f18e9d,2024-07-28T14:38:38.039600+00:00,2024-07-28T14:38:38.099757+00:00,,,202407260605,72.0,,0,0,True,12464
2024-07-28T17:22:37.985+03:00,2024-07-28T17:25:12.508+03:00,2024-07-28,Kenneth_Patience,ijumangabo,kisenyi,n/a,1.020428 31.3224695 1133.2 3.733,1.020428,31.3224695,1133.2,3.733,building,residential,008,yes,Yes,uuid:abfc3dad-77ac-4022-aa81-a3c739e6652f,29619906,abfc3dad-77ac-4022-aa81-a3c739e6652f,2024-07-28T14:38:38.633069+00:00,2024-07-28T14:38:38.698135+00:00,,,202407260605,155.0,,0,0,True,12464
2024-07-28T17:25:45.004+03:00,2024-07-28T17:26:40.089+03:00,2024-07-28,Kenneth_Patience,ijumangabo,kisenyi,n/a,1.0206217 31.3225588 1132.2 4.616,1.0206217,31.3225588,1132.2,4.616,building,residential,YES,yes,Yes,uuid:44188dc3-ec4e-4d7e-ae86-8c12059ade53,29619907,44188dc3-ec4e-4d7e-ae86-8c12059ade53,2024-07-28T14:38:39.227118+00:00,2024-07-28T14:38:39.291893+00:00,,,202407260605,55.0,,0,0,True,12464
2024-07-28T17:26:51.925+03:00,2024-07-28T17:27:33.819+03:00,n/a,Kenneth_Patience,ijumangabo,kisenyi,n/a,1.020654 31.3225353 1132.2 4.05,1.020654,31.3225353,1132.2,4.05,building,residential,014,yes,Yes,uuid:1da64fa0-26ff-4202-bfe8-3a6a09978597,29619908,1da64fa0-26ff-4202-bfe8-3a6a09978597,2024-07-28T14:38:39.856380+00:00,2024-07-28T14:38:39.927144+00:00,,,202407260605,42.0,,0,0,True,12464
2024-07-28T17:28:36.700+03:00,2024-07-28T17:29:33.900+03:00,n/a,Kenneth_Patience,ijumangabo,kisenyi,n/a,1.0208333 31.3226172 1131.8 4.583,1.0208333,31.3226172,1131.8,4.583,building,residential,035,yes,Yes,uuid:95673c9c-68ff-4269-8407-6dc2fce954c3,29619909,95673c9c-68ff-4269-8407-6dc2fce954c3,2024-07-28T14:38:40.577223+00:00,2024-07-28T14:38:40.635151+00:00,,,202407260605,57.0,,0,0,True,12464
2024-07-28T17:27:39.685+03:00,2024-07-28T17:28:20.677+03:00,n/a,Kenneth_Patience,ijumangabo,kisenyi,n/a,1.0206867 31.3224983 1132.1 3.9,1.0206867,31.3224983,1132.1,3.9,building,residential,023,yes,Yes,uuid:6c28bea9-12fe-4203-8539-56fba556cb3b,29619910,6c28bea9-12fe-4203-8539-56fba556cb3b,2024-07-28T14:38:41.192183+00:00,2024-07-28T14:38:41.270296+00:00,,,202407260605,41.0,,0,0,True,12464
2024-07-28T17:29:46.021+03:00,2024-07-28T17:31:18.029+03:00,2024-07-28,Kenneth_Patience,ijumangabo,kisenyi,n/a,1.0208405 31.3226333 1131.7 4.15,1.0208405,31.3226333,1131.7,4.15,building,residential,038,yes,No,uuid:cf400c91-a9f9-42ea-bda6-14c3684e864b,29619911,cf400c91-a9f9-42ea-bda6-14c3684e864b,2024-07-28T14:38:42.135809+00:00,2024-07-28T14:38:42.203266+00:00,,,202407260605,92.0,,0,0,True,12464
2024-07-28T17:33:05.480+03:00,2024-07-28T17:33:50.071+03:00,2024-07-28,Kenneth_Patience,ijumangabo,kisenyi,n/a,1.0204143 31.3228767 1130.8999999999999 4.1,1.0204143,31.3228767,1130.8999999999999,4.1,building,residential,011,yes,Yes,uuid:56ad78a9-3205-4424-9041-fe163e7567da,29619912,56ad78a9-3205-4424-9041-fe163e7567da,2024-07-28T14:38:42.762251+00:00,2024-07-28T14:38:42.834066+00:00,,,202407260605,45.0,,0,0,True,12464
2024-07-28T12:39:36.049+03:00,2024-07-28T12:41:13.323+03:00,2024-07-28,Gloria,kyakuterekera,n/a,dembe,1.04960077 31.34451088 1146.2465476999 5.816,1.04960077,31.34451088,1146.2465476999,5.816,building,residential,HH081,yes,Yes,uuid:26005b69-0e83-48ab-ad27-0a78b0c82c2d,29622188,26005b69-0e83-48ab-ad27-0a78b0c82c2d,2024-07-28T17:59:34.816022+00:00,2024-07-28T17:59:34.903526+00:00,,,202407260605,97.0,,0,0,True,12464
2024-07-28T13:25:44.419+03:00,2024-07-28T13:26:24.422+03:00,2024-07-28,Gloria,kyakuterekera,n/a,dembe,1.05235855 31.34460602 1136.0965232868 5.816,1.05235855,31.34460602,1136.0965232868,5.816,building,residential,HH057,yes,Yes,uuid:a640ac4e-492d-4f7f-960c-0dd435001f14,29622189,a640ac4e-492d-4f7f-960c-0dd435001f14,2024-07-28T17:59:35.462673+00:00,2024-07-28T17:59:35.528450+00:00,,,202407260605,40.0,,0,0,True,12464
2024-07-28T13:13:35.455+03:00,2024-07-28T13:16:14.488+03:00,2024-07-28,Gloria,kyakuterekera,n/a,dembe,1.05231852 31.34458971 1138.9425488962 5.816,1.05231852,31.34458971,1138.9425488962,5.816,building,residential,HH084,yes,Yes,uuid:2dc13ccb-07ef-4e35-8954-7911a4aaf711,29622190,2dc13ccb-07ef-4e35-8954-7911a4aaf711,2024-07-28T17:59:35.504246+00:00,2024-07-28T17:59:35.581386+00:00,,,202407260605,159.0,,0,0,True,12464
2024-07-28T13:35:27.084+03:00,2024-07-28T13:49:04.639+03:00,2024-07-28,Gloria,kyakuterekera,n/a,dembe,1.04962319 31.34496888 1144.8654955477 5.816,1.04962319,31.34496888,1144.8654955477,5.816,building,residential,HH058,yes,Yes,uuid:27179e43-a988-481a-9df6-9bc556e40a85,29622191,27179e43-a988-481a-9df6-9bc556e40a85,2024-07-28T17:59:35.566854+00:00,2024-07-28T17:59:35.637451+00:00,,,202407260605,817.0,,0,0,True,12464
2024-07-28T13:59:26.572+03:00,2024-07-28T14:00:07.376+03:00,2024-07-28,Gloria,kyakuterekera,n/a,dembe,1.04966032 31.34496047 1144.5506021660 5.816,1.04966032,31.34496047,1144.5506021660,5.816,building,non_residential,HH059,yes,Yes,uuid:d8c9a78c-f980-4112-8ae9-e1757b7e2282,29622192,d8c9a78c-f980-4112-8ae9-e1757b7e2282,2024-07-28T17:59:35.636043+00:00,2024-07-28T17:59:35.702870+00:00,,,202407260605,41.0,,0,0,True,12464
2024-07-31T13:40:50.399+03:00,2024-07-31T13:43:44.293+03:00,2024-07-31,Patience_Babra,kyakuterekera,n/a,kyakuterekera A,1.0622008 31.3534592 1148.6 4.766,1.0622008,31.3534592,1148.6,4.766,building,non_residential,CHURCH ,no,Kyakuterekera church of Uganda ,uuid:cd8c9e93-1ca8-46b8-92c6-c5280a6d2a00,29733690,cd8c9e93-1ca8-46b8-92c6-c5280a6d2a00,2024-07-31T11:23:35.141186+00:00,2024-07-31T11:23:35.209423+00:00,,,202407260605,174.0,,0,0,True,12464
2024-07-31T13:30:38.608+03:00,2024-07-31T13:34:31.453+03:00,2024-07-31,Gloria,kyakuterekera,n/a,kiyuni,0.99776155 31.33538542 1143.6846580505 28.497,0.99776155,31.33538542,1143.6846580505,28.497,building,residential,n/a,yes,Karokarungi outreach post,uuid:4148cf19-47d5-4f8a-b818-8a0d1435ef64,29734099,4148cf19-47d5-4f8a-b818-8a0d1435ef64,2024-07-31T11:29:52.307188+00:00,2024-07-31T11:29:52.378832+00:00,,,202407260605,233.0,,0,0,True,12464
2024-07-31T13:39:50.465+03:00,2024-07-31T13:41:08.269+03:00,2024-07-31,Gloria,kyakuterekera,n/a,dembe,0.99809503 31.33547955 1146.6741600037 6.698,0.99809503,31.33547955,1146.6741600037,6.698,building,residential,n/a,yes,Mwitanzige COU outreach post,uuid:7f43c91f-5fd6-4a3e-86d7-0b9e47931d70,29734100,7f43c91f-5fd6-4a3e-86d7-0b9e47931d70,2024-07-31T11:29:52.616988+00:00,2024-07-31T11:29:52.698305+00:00,,,202407260605,78.0,,0,0,True,12464
2024-07-31T13:52:58.292+03:00,2024-07-31T13:54:07.682+03:00,2024-07-31,Kenneth_Patience,ijumangabo,ijumangabo A,n/a,1.0376877 31.3233353 1147.7 4.2,1.0376877,31.3233353,1147.7,4.2,not_building,non_residential,Vaccination post,yes,Yes,uuid:35938773-362a-4e27-9ef9-c147d2e0931b,29735261,35938773-362a-4e27-9ef9-c147d2e0931b,2024-07-31T11:46:32.571883+00:00,2024-07-31T11:46:32.643911+00:00,,,202407260605,69.0,,0,0,True,12464
2024-07-26T09:47:53.956+03:00,2024-07-31T13:51:21.938+03:00,2024-07-27,Gloria_Fiona,ijumangabo,rweshengye,n/a,1.0616088 31.3376951 1123.783 1.745,1.0616088,31.3376951,1123.783,1.745,building,residential,HH007,yes,Yes although she had challenge in house hold marking,uuid:54d6d367-669e-46b7-8577-acf192e603df,29770486,54d6d367-669e-46b7-8577-acf192e603df,2024-08-01T07:20:49.605263+00:00,2024-08-01T07:20:49.697749+00:00,,,202407260605,446608.0,,0,0,True,12464
2024-07-27T15:25:16.359+03:00,2024-07-27T15:26:44.711+03:00,2024-07-27,Gloria_Fiona,ijumangabo,katuhweze,n/a,1.0336281 31.319475 1159.128 1.72,1.0336281,31.319475,1159.128,1.72,building,residential,HH034,yes,Yes,uuid:53425efa-dea3-43e8-9ad5-68f9eee128fc,29770487,53425efa-dea3-43e8-9ad5-68f9eee128fc,2024-08-01T07:20:50.161555+00:00,2024-08-01T07:20:50.228037+00:00,,,202407260605,88.0,,0,0,True,12464
2024-07-28T13:39:27.686+03:00,2024-07-28T13:41:40.262+03:00,2024-07-28,Gloria_Fiona,ijumangabo,rweshengye,n/a,1.048664 31.3301321 1086.218 2.474,1.048664,31.3301321,1086.218,2.474,building,residential,HH066,yes,House marked wrongly,uuid:6aefa58d-1235-4ade-baea-66eb6b1da15f,29770496,6aefa58d-1235-4ade-baea-66eb6b1da15f,2024-08-01T07:21:18.950705+00:00,2024-08-01T07:21:18.992890+00:00,,,202407260605,133.0,,0,0,True,12464
2024-07-31T13:45:03.984+03:00,2024-07-31T13:50:29.143+03:00,2024-07-31,Gloria_Fiona,kyakuterekera,n/a,nyakafunjo,1.0959589 31.355152 1152.469 2.241,1.0959589,31.355152,1152.469,2.241,building,non_residential,Nakafunjo UMEA nursery $ primary school,yes,Outreach site at Nakafunjo Umea Nursery and Primary School.,uuid:0c54b2f7-ec64-4f48-ad49-0c05e4f58f0e,29770497,0c54b2f7-ec64-4f48-ad49-0c05e4f58f0e,2024-08-01T07:21:19.686368+00:00,2024-08-01T07:21:19.739743+00:00,,,202407260605,326.0,,0,0,True,12464
2024-07-27T12:12:06.919+03:00,2024-07-31T13:51:28.640+03:00,2024-07-27,Gloria_Fiona,ijumangabo,rweshengye,n/a,1.0619261 31.3373075 1130.884 2.07,1.0619261,31.3373075,1130.884,2.07,building,residential,HH008,yes,Yes,uuid:ca049a68-65a6-47a3-88bf-4247f3879dac,29770498,ca049a68-65a6-47a3-88bf-4247f3879dac,2024-08-01T07:21:20.363879+00:00,2024-08-01T07:21:20.399615+00:00,,,202407260605,351562.0,,0,0,True,12464
2024-07-27T13:08:07.397+03:00,2024-07-31T13:51:35.482+03:00,2024-07-27,Gloria_Fiona,ijumangabo,ijumangabo B,n/a,1.0307807 31.3308455 1113.539 1.667,1.0307807,31.3308455,1113.539,1.667,building,residential,HH009,yes,Data collected well,uuid:98785797-3b01-4f2b-8843-976e89abe3ef,29770499,98785797-3b01-4f2b-8843-976e89abe3ef,2024-08-01T07:21:20.842953+00:00,2024-08-01T07:21:20.894895+00:00,,,202407260605,348208.0,,0,0,True,12464
2024-07-27T13:45:01.914+03:00,2024-07-31T13:52:00.523+03:00,2024-07-27,Gloria_Fiona,ijumangabo,ijumangabo B,n/a,1.0300409 31.3303028 1132.591 1.612,1.0300409,31.3303028,1132.591,1.612,building,residential,HH018,yes,House hold had no eligible children,uuid:eb8b1224-3dd0-4c03-9b1b-b12f303de894,29770500,eb8b1224-3dd0-4c03-9b1b-b12f303de894,2024-08-01T07:21:21.363097+00:00,2024-08-01T07:21:21.450989+00:00,,,202407260605,346019.0,,0,0,True,12464
2024-07-27T13:58:27.470+03:00,2024-07-31T13:52:06.375+03:00,2024-07-27,Gloria_Fiona,ijumangabo,ijumangabo B,n/a,1.0298207 31.3294789 1047.523 2.172,1.0298207,31.3294789,1047.523,2.172,building,residential,HH019,yes,Data was collected,uuid:7e656181-7b23-418b-874c-14a2b4d020cf,29770501,7e656181-7b23-418b-874c-14a2b4d020cf,2024-08-01T07:21:21.869268+00:00,2024-08-01T07:21:21.922048+00:00,,,202407260605,345219.0,,0,0,True,12464
2024-07-27T14:54:42.794+03:00,2024-07-31T13:52:12.456+03:00,2024-07-27,Gloria_Fiona,ijumangabo,katuhweze,n/a,1.0346295 31.3203507 1138.161 2.01,1.0346295,31.3203507,1138.161,2.01,building,residential,HH042,yes,Done well,uuid:5c9a202e-fb10-4ec9-8a51-19096ac01ca3,29770502,5c9a202e-fb10-4ec9-8a51-19096ac01ca3,2024-08-01T07:21:22.380541+00:00,2024-08-01T07:21:22.435813+00:00,,,202407260605,341850.0,,0,0,True,12464
2024-07-27T15:02:52.447+03:00,2024-07-31T13:52:19.587+03:00,2024-07-27,Gloria_Fiona,ijumangabo,katuhweze,n/a,1.0344476 31.320641 1138.161 3.885,1.0344476,31.320641,1138.161,3.885,building,residential,HH002,yes,Done well,uuid:0d135984-6ec5-426c-af0a-71229e7d3623,29770503,0d135984-6ec5-426c-af0a-71229e7d3623,2024-08-01T07:21:22.847494+00:00,2024-08-01T07:21:22.904271+00:00,,,202407260605,341367.0,,0,0,True,12464
2024-07-27T15:05:49.094+03:00,2024-07-31T13:52:31.487+03:00,2024-07-27,Gloria_Fiona,ijumangabo,katuhweze,n/a,1.0350957 31.3198328 1004.513 1.515,1.0350957,31.3198328,1004.513,1.515,building,residential,HH001,yes,Yes,uuid:624484b4-7a9d-43b4-b9ec-68fdb9bd5f5b,29770505,624484b4-7a9d-43b4-b9ec-68fdb9bd5f5b,2024-08-01T07:21:23.398301+00:00,2024-08-01T07:21:23.466577+00:00,,,202407260605,341202.0,,0,0,True,12464
2024-07-27T15:11:25.821+03:00,2024-07-31T13:52:25.551+03:00,2024-07-27,Gloria_Fiona,ijumangabo,katuhweze,n/a,1.0336617 31.3195861 1136.754 1.379,1.0336617,31.3195861,1136.754,1.379,building,residential,HH016,yes,Data collector had no where to mark,uuid:2c41fe56-c713-4b6d-b124-60a0bc9cd6f6,29770506,2c41fe56-c713-4b6d-b124-60a0bc9cd6f6,2024-08-01T07:21:23.900599+00:00,2024-08-01T07:21:23.995579+00:00,,,202407260605,340860.0,,0,0,True,12464
2024-07-27T15:39:11.360+03:00,2024-07-31T13:52:37.689+03:00,2024-07-27,Gloria_Fiona,ijumangabo,ijumangabo B,n/a,1.0345301 31.3203086 1159.128 3.475,1.0345301,31.3203086,1159.128,3.475,building,residential,HH007,yes,Yes,uuid:f30327b7-40dc-488a-b2c1-27fd4a7e8455,29770507,f30327b7-40dc-488a-b2c1-27fd4a7e8455,2024-08-01T07:21:24.444927+00:00,2024-08-01T07:21:24.488714+00:00,,,202407260605,339206.0,,0,0,True,12464
2024-07-28T11:50:09.306+03:00,2024-07-31T13:52:52.828+03:00,2024-07-28,Gloria_Fiona,ijumangabo,katuhweze,n/a,1.0344923 31.3240874 1159.128 2.256,1.0344923,31.3240874,1159.128,2.256,building,residential,HH045,yes,Yes,uuid:fd9475df-da8a-4044-a310-38040b801102,29770508,fd9475df-da8a-4044-a310-38040b801102,2024-08-01T07:21:24.914766+00:00,2024-08-01T07:21:24.984355+00:00,,,202407260605,266563.0,,0,0,True,12464
2024-07-28T12:00:32.168+03:00,2024-07-31T13:52:59.322+03:00,2024-07-28,Gloria_Fiona,ijumangabo,katuhweze,n/a,1.0333494 31.3242891 1159.128 3.742,1.0333494,31.3242891,1159.128,3.742,building,residential,HH047,yes,Not eligible,uuid:08f8d620-88a3-49e8-a761-2aa79b7d6a3a,29770509,08f8d620-88a3-49e8-a761-2aa79b7d6a3a,2024-08-01T07:21:25.389481+00:00,2024-08-01T07:21:25.435492+00:00,,,202407260605,265947.0,,0,0,True,12464
2024-07-28T12:06:55.947+03:00,2024-07-31T13:53:06.044+03:00,2024-07-28,Gloria_Fiona,ijumangabo,katuhweze,n/a,1.0337239 31.3247937 1052.602 2.985,1.0337239,31.3247937,1052.602,2.985,building,residential,HH048,yes,Mother wasn't around with the baby,uuid:55b93eaf-29c0-4a41-b29a-f0dbbf99ff28,29770511,55b93eaf-29c0-4a41-b29a-f0dbbf99ff28,2024-08-01T07:21:25.838833+00:00,2024-08-01T07:21:25.908632+00:00,,,202407260605,265571.0,,0,0,True,12464
2024-07-28T12:11:13.051+03:00,2024-07-31T13:53:12.305+03:00,2024-07-28,Gloria_Fiona,ijumangabo,katuhweze,n/a,1.0338362 31.3236677 1086.218 2.629,1.0338362,31.3236677,1086.218,2.629,building,residential,HH049,yes,Done well,uuid:930f66aa-61eb-44cd-81b6-303f853674fa,29770512,930f66aa-61eb-44cd-81b6-303f853674fa,2024-08-01T07:21:26.312658+00:00,2024-08-01T07:21:26.371495+00:00,,,202407260605,265319.0,,0,0,True,12464
2024-07-28T14:14:18.473+03:00,2024-07-31T13:53:19.387+03:00,2024-07-28,Gloria_Fiona,ijumangabo,rweshengye,n/a,1.0594337 31.3411357 1086.218 1.912,1.0594337,31.3411357,1086.218,1.912,building,residential,HH002,yes,Child has a sick rush it's like measles.,uuid:43f3496c-a3eb-420f-97ba-ab75cdd6ebae,29770513,43f3496c-a3eb-420f-97ba-ab75cdd6ebae,2024-08-01T07:21:26.737278+00:00,2024-08-01T07:21:26.802284+00:00,,,202407260605,257941.0,,0,0,True,12464
2024-07-28T15:39:49.956+03:00,2024-07-31T13:53:36.986+03:00,2024-07-28,Gloria_Fiona,ijumangabo,ijumangabo B,n/a,1.024398 31.3341214 1086.218 1.606,1.024398,31.3341214,1086.218,1.606,building,residential,HH057,yes,Yes,uuid:eac0d043-5837-4bd0-be35-a5d76fcf1cbc,29770514,eac0d043-5837-4bd0-be35-a5d76fcf1cbc,2024-08-01T07:21:27.242893+00:00,2024-08-01T07:21:27.280303+00:00,,,202407260605,252827.0,,0,0,True,12464
2024-07-29T12:10:35.905+03:00,2024-07-31T13:51:13.259+03:00,2024-07-29,Gloria_Fiona,ijumangabo,rweshengye,n/a,1.0485625 31.3256884 1173.642 1.772,1.0485625,31.3256884,1173.642,1.772,building,residential,HH105,yes,Yes,uuid:34b4c328-1556-4bac-8bf3-68b86e3a9269,29770516,34b4c328-1556-4bac-8bf3-68b86e3a9269,2024-08-01T07:21:27.641704+00:00,2024-08-01T07:21:27.679219+00:00,,,202407260605,178838.0,,0,0,True,12464
2024-07-29T12:15:11.556+03:00,2024-07-31T13:53:43.013+03:00,2024-07-29,Gloria_Fiona,ijumangabo,rweshengye,n/a,1.0485729 31.325694 1173.603 3.629,1.0485729,31.325694,1173.603,3.629,building,residential,HH083,yes,Yes,uuid:844146a2-5fab-45df-8daf-b43397ad78d3,29770517,844146a2-5fab-45df-8daf-b43397ad78d3,2024-08-01T07:21:28.087375+00:00,2024-08-01T07:21:28.157648+00:00,,,202407260605,178712.0,,0,0,True,12464
2024-07-29T12:18:51.750+03:00,2024-07-31T13:53:49.079+03:00,2024-07-29,Gloria_Fiona,ijumangabo,rweshengye,n/a,1.0485709 31.3256754 1174.488 1.83,1.0485709,31.3256754,1174.488,1.83,building,residential,HH085,yes,Yes,uuid:90598031-e10b-4c26-ad70-28a4475c2a26,29770518,90598031-e10b-4c26-ad70-28a4475c2a26,2024-08-01T07:21:28.562736+00:00,2024-08-01T07:21:28.636799+00:00,,,202407260605,178498.0,,0,0,True,12464
2024-07-29T13:48:48.029+03:00,2024-07-31T13:53:55.509+03:00,2024-07-29,Gloria_Fiona,ijumangabo,ijumangabo B,n/a,1.0389171 31.3366528 1174.488 1.467,1.0389171,31.3366528,1174.488,1.467,building,residential,HH069,yes,Yes,uuid:8d5455b7-92e0-46ba-9a16-5a92841deeff,29770519,8d5455b7-92e0-46ba-9a16-5a92841deeff,2024-08-01T07:21:29.060927+00:00,2024-08-01T07:21:29.133268+00:00,,,202407260605,173107.0,,0,0,True,12464
2024-07-31T14:09:53.416+03:00,2024-07-31T14:12:14.122+03:00,n/a,Gloria_Fiona,kyakuterekera,n/a,kyakuterekera A,1.049932 31.3753789 1178.507 2.087,1.049932,31.3753789,1178.507,2.087,building,residential,HH00,no,"Rwamadongo Parish,Tuhumwire village St.Christine Vaccination Site.",uuid:f6f88317-f6f2-46f0-9ead-70be71d088cd,29770520,f6f88317-f6f2-46f0-9ead-70be71d088cd,2024-08-01T07:21:29.543148+00:00,2024-08-01T07:21:29.604209+00:00,,,202407260605,141.0,,0,0,True,12464
2024-07-31T14:25:33.300+03:00,2024-07-31T14:31:48.901+03:00,2024-07-31,Gloria_Fiona,ijumangabo,ijumangabo A,n/a,1.0391907 31.3616372 1178.507 3.067,1.0391907,31.3616372,1178.507,3.067,building,residential,Vaccination site,no,Rwamadongo Parish Bwile village St.Tereza Catholic Church,uuid:30b861a0-dd20-45a8-89f2-af65afc66a91,29770521,30b861a0-dd20-45a8-89f2-af65afc66a91,2024-08-01T07:21:30.020481+00:00,2024-08-01T07:21:30.058648+00:00,,,202407260605,375.0,,0,0,True,12464
